<keymap version="1" name="GNOME copy" parent="Default for GNOME">
  <action id="Annotate">
    <keyboard-shortcut first-keystroke="ctrl back_slash" />
  </action>
  <action id="DecrementWindowHeight" />
  <action id="Git.CompareWithBranch">
    <keyboard-shortcut first-keystroke="alt back_slash" />
  </action>
  <action id="MoveLineDown">
    <keyboard-shortcut first-keystroke="shift ctrl down" />
  </action>
  <action id="MoveLineUp">
    <keyboard-shortcut first-keystroke="shift ctrl up" />
  </action>
  <action id="MoveStatementDown">
    <keyboard-shortcut first-keystroke="shift alt down" />
  </action>
  <action id="MoveStatementUp">
    <keyboard-shortcut first-keystroke="shift alt up" />
  </action>
  <action id="NextOccurence">
    <keyboard-shortcut first-keystroke="alt n" />
  </action>
  <action id="PreviousOccurence">
    <keyboard-shortcut first-keystroke="alt p" />
  </action>
  <action id="ResetColumnsWidth" />
  <action id="ResizeToolWindowDown" />
  <action id="ResizeToolWindowUp" />
  <action id="ToggleFullScreen">
    <keyboard-shortcut first-keystroke="alt open_bracket" />
  </action>
</keymap>